{
  "FL": [
    22.23508, 183.310087, 321.22563, 325.152888, 380.197353, 439.150807,
    443.018343, 448.001085, 470.888999, 474.689092, 488.490108, 556.935985,
    620.700807, 658.006072, 752.033113, 859.965608, 916.171582, 970.315045,
    987.926803, 1097.36487
  ],
  "Wair": [
    2.74, 3.033, 2.426, 2.847, 2.868, 2.055, 1.819, 2.612, 2.169, 2.366, 2.616,
    3.115, 2.468, 3.154, 3.114, 3.121, 2.695, 2.574, 2.976, 3.095
  ],
  "Wself": [
    13.63, 15.01, 10.65, 13.95, 14.4, 9.06, 7.96, 13.01, 9.7, 11.24, 13.58,
    14.24, 11.94, 13.84, 13.58, 14.08, 13.55, 25.95, 14.35, 15.27
  ],
  "W2air": [
    0.435, 0.407, 0.0, 0.0, 0.0, 0.0, 0.0, 0.0, 0.0, 0.0, 0.0, 0.0, 0.0, 0.0,
    0.0, 0.0, 0.0, 0.0, 0.0, 0.0
  ],
  "W2self": [
    1.91, 1.46, 0.0, 0.0, 0.0, 0.0, 0.0, 0.0, 0.0, 0.0, 0.0, 0.0, 0.0, 0.0, 0.0,
    0.0, 0.0, 0.0, 0.0, 0.0
  ],
  "XW2": [
    0.0, 0.412, 0.0, 0.0, 0.0, 0.0, 0.0, 0.0, 0.0, 0.0, 0.0, 0.0, 0.0, 0.0, 0.0,
    0.0, 0.0, 0.0, 0.0, 0.0
  ],
  "XW2S": [
    0.0, 0.571, 0.0, 0.0, 0.0, 0.0, 0.0, 0.0, 0.0, 0.0, 0.0, 0.0, 0.0, 0.0, 0.0,
    0.0, 0.0, 0.0, 0.0, 0.0
  ],
  "X": [
    0.76, 0.62, 0.73, 0.64, 0.54, 0.69, 0.7, 0.7, 0.73, 0.71, 0.75, 0.75, 0.79,
    0.73, 0.77, 0.76, 0.79, 0.7, 0.75, 0.75
  ],
  "XS": [
    1.2, 0.82, 0.54, 0.74, 0.89, 0.52, 0.5, 0.67, 0.65, 0.64, 0.72, 1.0, 0.75,
    1.0, 0.84, 0.76, 0.48, 0.7, 0.75, 0.75
  ],
  "XH": [
    2.6, 1.8, 0.0, 0.0, 0.0, 0.0, 0.0, 0.0, 0.0, 0.0, 0.0, 0.0, 0.0, 0.0, 0.0,
    0.0, 0.0, 0.0, 0.0, 0.0
  ],
  "XHS": [
    0.0, 0.98, 0.0, 0.0, 0.0, 0.0, 0.0, 0.0, 0.0, 0.0, 0.0, 0.0, 0.92, 0.0, 0.0,
    0.0, 0.47, 0.0, 0.0, 0.0
  ],
  "D2air": [
    0.0, -0.016, 0.0, 0.0, 0.0, 0.0, 0.0, 0.0, 0.0, 0.0, 0.0, 0.0, 0.0, 0.0,
    0.0, 0.0, 0.0, 0.0, 0.0, 0.0
  ],
  "D2self": [
    0.0, 0.16, 0.0, 0.0, 0.0, 0.0, 0.0, 0.0, 0.0, 0.0, 0.0, 0.0, 0.0, 0.0, 0.0,
    0.0, 0.0, 0.0, 0.0, 0.0
  ],
  "Sair": [
    -0.033, -0.074, -0.143, -0.013, -0.074, 0.051, 0.14, -0.116, 0.061, -0.027,
    -0.065, 0.187, 0.001, 0.176, 0.162, 0.005, -0.001, -0.003, -0.002, 0.002
  ],
  "Sself": [
    0.814, 0.136, 0.278, 1.325, 0.24, 0.165, -0.229, -0.615, -0.465, -0.72,
    -0.36, -1.693, 0.687, -1.496, -0.878, 0.0, 0.521, 0.0, 0.0, 0.0
  ],
  "AAIR": [
    0.0, 0.0, 0.0, 0.0, 0.0, 0.0, 0.0, 0.0, 0.0, 0.0, 0.0, 0.0, 0.0, 0.0, 0.0,
    0.0, 0.0, 0.0, 0.0, 0.0
  ],
  "ASELF": [
    0.0, 12.6, 0.0, 0.0, 0.0, 0.0, 0.0, 0.0, 0.0, 0.0, 0.0, 0.0, 0.0, 0.0, 0.0,
    0.0, 0.0, 0.0, 0.0, 0.0
  ],
  "S1": [
    1.334e-14, 2.319e-12, 7.654e-14, 2.72e-12, 2.476e-11, 2.136e-12, 4.44e-13,
    2.587e-11, 8.193e-13, 3.268e-12, 6.628e-13, 1.57e-9, 1.7e-11, 9.027e-13,
    1.035e-9, 5.705e-13, 4.272e-11, 4.806e-11, 7.528e-10, 4.89e-9
  ],
  "B2": [
    2.172, 0.677, 6.262, 1.561, 1.062, 3.643, 5.116, 1.424, 3.645, 2.411, 2.89,
    0.161, 2.423, 7.921, 0.402, 8.163, 1.461, 1.944, 0.261, 0.754
  ],
  "Trefcon": 300.0,
  "Cf": 5.919e-10,
  "Xcf": 3.0,
  "Cs": 1.416e-8,
  "Xcs": 7.5
}
